kommune;indbyggertal;udg_pr_6_16;school_size;year;faktisk_perf;forventet_perf;borgmester_for;borgmester_efter;skift_borgm;parti_for;parti_efter;skift_parti;skift_blok
Københavns Kommune;591481;67822;609;2016;6.7;6.9;Frank Jensen;Frank Jensen;0;S;S;0;0
Frederiksberg Kommune;104481;62242;729;2016;7.6;7.6;Jørgen Glenthøj;Jørgen Glenthøj;0;C;C;0;0
Ballerup Kommune;48224;72013;1045;2016;6.8;6.8;Jesper Würtzen;Jesper Würtzen;0;S;S;0;0
Brøndby Kommune;35322;75700;770;2016;6.2;6.2;Kent Max Magelund;Kent Max Magelund;0;S;S;0;0
Dragør Kommune;14142;58575;963;2016;7.8;7.8;Eik Dahl Bidstrup;Eik Dahl Bidstrup;0;V;V;0;0
Gentofte Kommune;75350;56148;698;2016;8.2;8.2;Hans Toft;Hans Toft;0;C;C;0;0
Gladsaxe Kommune;67914;65689;601;2016;7.1;7.3;Trine Græse;Trine Græse;0;S;S;0;0
Glostrup Kommune;22461;74607;2126;2016;6.8;6.9;John Engelhardt;John Engelhardt;0;V;V;0;0
Herlev Kommune;28423;68310;770;2016;6.7;6.8;Thomas Gyldal Petersen;Thomas Gyldal Petersen;0;S;S;0;0
Albertslund Kommune;27880;79855;744;2016;6.2;6.5;Steen Christiansen;Steen Christiansen;0;S;S;0;0
Hvidovre Kommune;52831;74035;629;2016;6.6;6.8;Helle Adelborg;Helle Adelborg;0;S;S;0;0
Høje-Taastrup Kommune;49960;70437;439;2016;6.2;6.3;Michael Ziegler;Michael Ziegler;0;C;C;0;0
Lyngby-Taarbæk Kommune;55097;62220;636;2016;8.4;8.1;Sofia Osmani;Sofia Osmani;0;C;C;0;0
Rødovre Kommune;38002;75164;495;2016;7;6.9;Erik Nielsen;Erik Nielsen;0;S;S;0;0
Ishøj Kommune;22358;80386;412;2016;5.5;5.8;Ole Bjørstorp;Ole Bjørstorp;0;S;S;0;0
Tårnby Kommune;42860;69046;684;2016;6.7;6.5;Henrik Zimino;Allan Andersen;1;S;S;0;0
Vallensbæk Kommune;15419;66405;667;2016;7.6;7.4;Henrik Rasmussen;Henrik Rasmussen;0;C;C;0;0
Furesø Kommune;40156;67234;590;2016;8;7.9;Ole Christensen;Ole Christensen;0;S;S;0;0
Allerød Kommune;24732;61112;669;2016;8.1;8;Jørgen Johansen;Karsten Längerich;1;C;V;1;0
Fredensborg Kommune;40112;66208;644;2016;7.7;7.6;Thomas Pedersen;Thomas Pedersen;0;S;S;0;0
Helsingør Kommune;62092;68317;926;2016;7;7.3;Benedikte Kiær;Benedikte Kiær;0;C;C;0;0
Hillerød Kommune;49672;67087;654;2016;7.8;7.8;Dorte Meldgaard;Kirsten Jensen;1;C;S;1;1
Hørsholm Kommune;24965;61198;634;2016;8.2;8.1;Morten Slotved;Morten Slotved;0;C;C;0;0
Rudersdal Kommune;55739;63260;556;2016;8.3;8.3;Jens Ive;Jens Ive;0;V;V;0;0
Egedal Kommune;42773;65310;1431;2016;7.8;7.4;Karsten Søndergaard;Karsten Søndergaard;0;V;V;0;0
Frederikssund Kommune;44725;68446;802;2016;6.8;7.1;John Andersen;John Andersen ;0;V;V;0;0
Halsnæs Kommune;31049;71624;823;2016;6.2;6.4;Steen Hasselriis;Steffen Jensen;1;V;S;1;1
Gribskov Kommune;41107;61034;584;2016;6.6;7;Kim Valentin ;Anders Frost;1;V;Lokal;1;1
Bornholms Kommune;39756;64477;460;2016;6.4;6.4;Winni Grosbøll;Winni Grosbøll;0;S;S;0;0
Greve Kommune;49518;63268;543;2016;6.8;7;Pernille Beckmann;Pernille Beckmann;0;V;V;0;0
Køge Kommune;59868;63952;474;2016;6.9;6.9;Flemming Christensen;Maria Stærke;1;C;S;1;1
Roskilde Kommune;86207;73704;444;2016;7.9;7.6;Joy Mogensen;Joy Mogensen;0;S;S;0;0
Solrød Kommune;21788;60324;780;2016;7.4;7.3;Niels Hørup;Niels Hørup;0;V;V;0;0
Odsherred Kommune;32816;77314;1007;2016;6.3;6.4;Thomas Adelskov;Thomas Adelskov;0;S;S;0;0
Holbæk Kommune;69972;60071;930;2016;6.6;6.8;Søren Kjærsgaard;Christina Hansen;1;V;S;1;1
Faxe Kommune;35614;59444;1008;2016;6.7;6.6;Erik Buhl;Erik Buhl;0;V;V;0;0
Kalundborg Kommune;48660;65594;252;2016;6.3;6.5;Martin Damm;Martin Damm;0;V;V;0;0
Ringsted Kommune;34031;63041;404;2016;6.7;6.8;Henrik Hvidesten;Henrik Hvidesten;0;V;V;0;0
Slagelse Kommune;78140;63645;360;2016;6.5;6.5;Sten Knuth;John Dyrby;1;V;S;1;1
Stevns Kommune;22260;52336;587;2016;6.6;6.6;Mogens Nielsen;Annette Mortensen;1;Lokal;V;1;1
Sorø Kommune;29543;60955;502;2016;6.5;6.9;Gert Jørgensen;Gert Jørgensen;0;C;C;0;0
Lejre Kommune;27317;62076;428;2016;7.3;7.3;Carsten Rasmussen;Carsten Rasmussen;0;S;S;0;0
Lolland Kommune;42638;68688;717;2016;5.8;6.1;Holger Rasmussen;Holger Rasmussen;0;S;S;0;0
Næstved Kommune;82342;55262;689;2016;6.6;6.8;Carsten Rasmussen;Carsten Rasmussen;0;S;S;0;0
Guldborgsund Kommune;60979;62185;379;2016;6.4;6.5;John Brædder;John Brædder;0;Lokal;Lokal;0;0
Vordingborg Kommune;45806;62237;656;2016;6.3;6.6;Michael Larsen;Mikael Smed;1;V;S;1;1
Middelfart Kommune;37913;59883;329;2016;7;7;Johannes Jensen;Johannes Jensen;0;S;S;0;0
Assens Kommune;41224;63227;299;2016;7;6.8;Søren Andersen;Søren Andersen;0;V;V;0;0
Faaborg-Midtfyn Kommune;51236;61068;370;2016;6.7;6.6;Christian Thygesen;Hans Stavnsager;1;V;S;1;1
Kerteminde Kommune;23880;67230;408;2016;6.7;6.7;Hans Luunbjerg;Kasper Olesen;1;V;S;1;1
Nyborg Kommune;31886;57545;614;2016;7.1;6.7;Kenneth Muhs;Kenneth Muhs;0;V;V;0;0
Odense Kommune;198972;57610;456;2016;6.9;6.9;Peter Juel;Peter Juel;0;S;S;0;0
Svendborg Kommune;58228;66018;465;2016;7.1;7;Lars Hornemann;Bo Hansen;1;V;S;1;1
Nordfyns Kommune;29298;64842;525;2016;6.7;6.5;Jan Petersen;Jan Petersen;0;S;S;0;0
Langeland Kommune;12547;90670;312;2016;6.8;6.5;Bjarne Nielsen;Tonni Hansen;1;V;F;1;1
Ærø Kommune;6290;61465;460;2016;7;6.6;Jørgen Jørgensen;Ole Petersen;1;S;S;0;0
Haderslev Kommune;56029;61217;486;2016;7;6.8;Hans Geil;Hans Geil;0;V;V;0;0
Billund Kommune;26434;64818;405;2016;7;6.7;Ib Kristensen;Ib Kristensen;0;V;V;0;0
Sønderborg Kommune;74737;63534;412;2016;7.1;7;Erik Lauritzen;Erik Lauritzen;0;S;S;0;0
Tønder Kommune;37904;63544;295;2016;6.5;6.6;Henrik Frandsen;Henrik Frandsen;0;V;V;0;0
Esbjerg Kommune;115748;61710;1267;2016;6.9;6.9;Johnny Søtrup;Jesper Frost;1;V;V;0;0
Fanø Kommune;3290;70175;374;2016;7.9;7.7;Erik Nørreby;Sofie Valbjørn;1;V;Å;1;1
Varde Kommune;50289;68071;343;2016;7.1;6.8;Erik Buhl;Erik Buhl;0;V;V;0;0
Vejen Kommune;42869;61977;328;2016;6.8;6.6;Egon Fræhr;Egon Fræhr;0;V;V;0;0
Aabenraa Kommune;58869;63663;303;2016;6.9;6.8;Thomas Andresen;Thomas Andresen;0;V;V;0;0
Fredericia Kommune;50689;59575;1045;2016;6.7;7;Jacob Bjerregaard ;Jacob Bjerregaard;0;S;S;0;0
Kolding Kommune;91695;58104;432;2016;7.4;7;Jørn Pedersen;Jørn Pedersen;0;V;V;0;0
Vejle Kommune;111743;59943;415;2016;6.9;7;Jens Christensen;Jens Christensen;0;V;V;0;0
Horsens Kommune;87736;60762;517;2016;6.8;6.8;Peter Sørensen;Peter Sørensen;0;S;S;0;0
Herning Kommune;87593;59118;329;2016;7.3;7;Lars Krarup;Lars Krarup;0;V;V;0;0
Holstebro Kommune;57661;54120;366;2016;7.3;7;HC Østerby;HC Østerby;0;S;S;0;0
Lemvig Kommune;20399;65762;244;2016;7;6.8;Erik Flyvholm;Erik Flyvholm;0;V;V;0;0
Struer Kommune;21474;66711;325;2016;6.9;6.7;Mads Jakobsen;Niels Lynghøj;1;V;S;1;1
Syddjurs Kommune;41889;67416;392;2016;7.1;6.9;Claus Wistoft ;Ole Bollesen;1;V;S;1;1
Norddjurs Kommune;38144;73979;274;2016;6.3;6.4;Jan Petersen;Jan Petersen;0;S;S;0;0
Favrskov Kommune;47655;57903;479;2016;7.7;7.3;Niels Borring;Niels Borring;0;S;S;0;0
Odder Kommune;22131;59092;294;2016;7;7.1;Uffe Jensen;Uffe Jensen;0;V;V;0;0
Randers Kommune;97520;59976;460;2016;6.6;6.6;Claus Jensen;Torben Hansen;1;V;S;1;1
Silkeborg Kommune;90719;56646;373;2016;7.2;7.1;Steen Vindum;Steen Vindum;0;V;V;0;0
Samsø Kommune;3710;74411;198;2016;5.4;5.9;Marcel Meijer;Marcel Meijer;0;S;S;0;0
Skanderborg Kommune;59481;60617;440;2016;7.7;7.4;Jørgen Gaarde;Jørgen Gaarde;0;S;S;0;0
Aarhus Kommune;330639;62334;578;2016;7.3;7.2;Jacob Bundsgaard;Jacob Bundsgaard;0;S;S;0;0
Ikast-Brande Kommune;40798;64977;357;2016;6.7;6.5;Carsten kissmeyer;Ib Lauritzen;1;V;V;0;0
Ringkøbing-Skjern Kommune;57139;58893;248;2016;6.9;6.6;Iver Enevoldsen;Hans Østergaard;1;V;V;0;0
Hedensted Kommune;46206;60304;267;2016;7;6.8;Kirsten Terkilsen;Kasper Glyngø;1;V;S;1;1
Skive Kommune;46639;63528;248;2016;7.1;6.9;Peder Kirkegaard;Peder Kirkegaard;0;V;V;0;0
Viborg Kommune;95776;56998;401;2016;7.1;7;Torsten Nielsen;Ulrik Wilbek;1;K;V;1;0
Morsø Kommune;20629;67657;416;2016;6.4;6.5;Hans Bertelsen;Hans Bertelsen;0;V;V;0;0
Thisted Kommune;43991;62476;278;2016;6.8;6.8;Lene Jensen;Ulla Vestergaard;1;C;S;1;1
Brønderslev Kommune;36047;59342;573;2016;7.2;6.8;Mikael Klitgaard;Mikael Klitgaard;0;V;V;0;0
Frederikshavn Kommune;60246;63640;1419;2016;6.8;6.7;Birgit Hansen;Birgit Hansen;0;S;S;0;0
Vesthimmerlands Kommune;37296;64999;237;2016;6.9;6.7;Knud Kristensen ;Per Laursen;1;K;V;1;0
Læsø Kommune;1817;81522;161;2016;6.7;6.6;Torben Johansen;Karsten Nielsen;1;V;O;1;0
Rebild Kommune;29149;61013;401;2016;7.1;7;Leon Sebbelin;Leon Sebbelin;0;B;B;0;0
Mariagerfjord Kommune;42131;64653;407;2016;7.1;7;Mogens Jespersen;Mogens Jespersen;0;V;V;0;0
Jammerbugt Kommune;38466;60692;361;2016;7;6.8;Mogens Gade;Mogens Gade;0;V;V;0;0
Aalborg Kommune;210316;65850;369;2016;7.3;7.2;Thomas Larsen;Thomas Larsen;0;S;S;0;0
Hjørring Kommune;65411;58335;880;2016;6.9;6.8;Arne Boelt;Arne Boelt;0;S;S;0;0
Københavns Kommune;602481;67009;624;2017;6.9;7;Frank Jensen;Frank Jensen;0;S;S;0;0
Frederiksberg Kommune;105037;63991;719;2017;7.6;7.7;Jørgen Glenthøj;Jørgen Glenthøj;0;C;C;0;0
Ballerup Kommune;48231;75335;1022;2017;7;7.1;Jesper Würtzen;Jesper Würtzen;0;S;S;0;0
Brøndby Kommune;35594;78387;788;2017;6.1;6.3;Kent Max Magelund;Kent Max Magelund;0;S;S;0;0
Dragør Kommune;14288;65691;966;2017;7.7;7.9;Eik Dahl Bidstrup;Eik Dahl Bidstrup;0;V;V;0;0
Gentofte Kommune;75805;56815;663;2017;8.2;8.2;Hans Toft;Hans Toft;0;C;C;0;0
Gladsaxe Kommune;68775;67488;601;2017;7.3;7.3;Trine Græse;Trine Græse;0;S;S;0;0
Glostrup Kommune;22528;74427;2110;2017;6.8;6.8;John Engelhardt;John Engelhardt;0;V;V;0;0
Herlev Kommune;28406;70679;770;2017;6.5;6.7;Thomas Gyldal Petersen;Thomas Gyldal Petersen;0;S;S;0;0
Albertslund Kommune;27896;83456;661;2017;6.3;6.6;Steen Christiansen;Steen Christiansen;0;S;S;0;0
Hvidovre Kommune;52964;74218;629;2017;6.8;6.8;Helle Adelborg;Helle Adelborg;0;S;S;0;0
Høje-Taastrup Kommune;50246;73562;450;2017;6.5;6.5;Michael Ziegler;Michael Ziegler;0;C;C;0;0
Lyngby-Taarbæk Kommune;55240;63704;676;2017;8.5;8.3;Sofia Osmani;Sofia Osmani;0;C;C;0;0
Rødovre Kommune;38492;76625;470;2017;6.8;6.8;Erik Nielsen;Erik Nielsen;0;S;S;0;0
Ishøj Kommune;22719;82063;419;2017;6;6.2;Ole Bjørstorp;Ole Bjørstorp;0;S;S;0;0
Tårnby Kommune;43010;68811;613;2017;7;6.9;Henrik Zimino;Allan Andersen;1;S;S;0;0
Vallensbæk Kommune;15705;67352;679;2017;6.9;7;Henrik Rasmussen;Henrik Rasmussen;0;C;C;0;0
Furesø Kommune;40613;68966;596;2017;8.1;7.9;Ole Christensen;Ole Christensen;0;S;S;0;0
Allerød Kommune;24942;68030;810;2017;8;8.1;Jørgen Johansen;Karsten Längerich;1;C;V;1;0
Fredensborg Kommune;40504;63890;645;2017;7.7;7.5;Thomas Pedersen;Thomas Pedersen;0;S;S;0;0
Helsingør Kommune;62443;71916;895;2017;7.1;7.4;Benedikte Kiær;Benedikte Kiær;0;C;C;0;0
Hillerød Kommune;50109;67650;646;2017;7.5;7.6;Dorte Meldgaard;Kirsten Jensen;1;C;S;1;1
Hørsholm Kommune;24977;62732;628;2017;8.6;8.4;Morten Slotved;Morten Slotved;0;C;C;0;0
Rudersdal Kommune;56133;62967;548;2017;8.3;8.3;Jens Ive;Jens Ive;0;V;V;0;0
Egedal Kommune;43082;66832;1408;2017;7.6;7.5;Karsten Søndergaard;Karsten Søndergaard;0;V;V;0;0
Frederikssund Kommune;45036;70121;710;2017;6.8;6.9;John Andersen;John Andersen ;0;V;V;0;0
Halsnæs Kommune;31162;71443;674;2017;6.7;6.8;Steen Hasselriis;Steffen Jensen;1;V;S;1;1
Gribskov Kommune;41213;66874;532;2017;6.9;7;Kim Valentin ;Anders Frost;1;V;Lokal;1;1
Bornholms Kommune;39695;65332;404;2017;6.9;6.8;Winni Grosbøll;Winni Grosbøll;0;S;S;0;0
Greve Kommune;49921;65078;563;2017;7.1;7.1;Pernille Beckmann;Pernille Beckmann;0;V;V;0;0
Køge Kommune;60109;64670;465;2017;6.8;6.8;Flemming Christensen;Maria Stærke;1;C;S;1;1
Roskilde Kommune;87015;73569;463;2017;7.5;7.6;Joy Mogensen;Joy Mogensen;0;S;S;0;0
Solrød Kommune;22147;60541;687;2017;7.7;7.3;Niels Hørup;Niels Hørup;0;V;V;0;0
Odsherred Kommune;33023;78095;810;2017;6.3;6.4;Thomas Adelskov;Thomas Adelskov;0;S;S;0;0
Holbæk Kommune;70950;57782;1262;2017;6.4;6.7;Søren Kjærsgaard;Christina Hansen;1;V;S;1;1
Faxe Kommune;35916;60187;869;2017;6.4;6.6;Erik Buhl;Erik Buhl;0;V;V;0;0
Kalundborg Kommune;48736;68008;243;2017;6.3;6.4;Martin Damm;Martin Damm;0;V;V;0;0
Ringsted Kommune;34259;64545;382;2017;6.7;6.7;Henrik Hvidesten;Henrik Hvidesten;0;V;V;0;0
Slagelse Kommune;78828;67278;352;2017;6.4;6.5;Sten Knuth;John Dyrby;1;V;S;1;1
Stevns Kommune;22492;52504;581;2017;6.4;6.6;Mogens Nielsen;Annette Mortensen;1;Lokal;V;1;1
Sorø Kommune;29595;62175;483;2017;7;7;Gert Jørgensen;Gert Jørgensen;0;C;C;0;0
Lejre Kommune;27402;64523;418;2017;7.2;7.3;Carsten Rasmussen;Carsten Rasmussen;0;S;S;0;0
Lolland Kommune;42285;67930;932;2017;5.7;6.1;Holger Rasmussen;Holger Rasmussen;0;S;S;0;0
Næstved Kommune;82581;56342;1283;2017;6.7;6.8;Carsten Rasmussen;Carsten Rasmussen;0;S;S;0;0
Guldborgsund Kommune;61257;62918;371;2017;6.2;6.5;John Brædder;John Brædder;0;Lokal;Lokal;0;0
Vordingborg Kommune;46037;62062;636;2017;6.1;6.6;Michael Larsen;Mikael Smed;1;V;S;1;1
Middelfart Kommune;38093;57878;309;2017;7.3;7.2;Johannes Jensen;Johannes Jensen;0;S;S;0;0
Assens Kommune;41390;63637;318;2017;7.2;6.9;Søren Andersen;Søren Andersen;0;V;V;0;0
Faaborg-Midtfyn Kommune;51376;63786;383;2017;7.1;6.8;Christian Thygesen;Hans Stavnsager;1;V;S;1;1
Kerteminde Kommune;23774;67698;371;2017;7.3;6.9;Hans Luunbjerg;Kasper Olesen;1;V;S;1;1
Nyborg Kommune;32142;57981;590;2017;6.7;6.6;Kenneth Muhs;Kenneth Muhs;0;V;V;0;0
Odense Kommune;200563;60679;464;2017;6.9;6.9;Peter Juel;Peter Juel;0;S;S;0;0
Svendborg Kommune;58510;68065;461;2017;7.2;7.1;Lars Hornemann;Bo Hansen;1;V;S;1;1
Nordfyns Kommune;29446;65067;525;2017;6.7;6.7;Jan Petersen;Jan Petersen;0;S;S;0;0
Langeland Kommune;12578;91634;311;2017;6.1;6.4;Bjarne Nielsen;Tonni Hansen;1;V;F;1;1
Ærø Kommune;6177;60492;444;2017;7.1;7;Jørgen Jørgensen;Ole Petersen;1;S;S;0;0
Haderslev Kommune;56045;63796;434;2017;6.9;6.8;Hans Geil;Hans Geil;0;V;V;0;0
Billund Kommune;26481;67587;393;2017;7.2;6.9;Ib Kristensen;Ib Kristensen;0;V;V;0;0
Sønderborg Kommune;74801;65943;387;2017;6.9;6.8;Erik Lauritzen;Erik Lauritzen;0;S;S;0;0
Tønder Kommune;37928;64215;282;2017;6.3;6.4;Henrik Frandsen;Henrik Frandsen;0;V;V;0;0
Esbjerg Kommune;115905;61940;1246;2017;7.1;6.9;Johnny Søtrup;Jesper Frost;1;V;V;0;0
Fanø Kommune;3345;69995;390;2017;7.7;7.7;Erik Nørreby;Sofie Valbjørn;1;V;Å;1;1
Varde Kommune;50452;66171;298;2017;7;6.8;Erik Buhl;Erik Buhl;0;V;V;0;0
Vejen Kommune;42822;63193;322;2017;6.8;6.7;Egon Fræhr;Egon Fræhr;0;V;V;0;0
Aabenraa Kommune;59003;65407;297;2017;6.8;6.7;Thomas Andresen;Thomas Andresen;0;V;V;0;0
Fredericia Kommune;50868;61538;1025;2017;6.6;6.8;Jacob Bjerregaard ;Jacob Bjerregaard;0;S;S;0;0
Kolding Kommune;92282;59627;430;2017;7.4;7.1;Jørn Pedersen;Jørn Pedersen;0;V;V;0;0
Vejle Kommune;113243;63268;415;2017;7.1;7.1;Jens Christensen;Jens Christensen;0;V;V;0;0
Horsens Kommune;89030;60441;553;2017;6.9;6.8;Peter Sørensen;Peter Sørensen;0;S;S;0;0
Herning Kommune;88386;61841;335;2017;7.3;7;Lars Krarup;Lars Krarup;0;V;V;0;0
Holstebro Kommune;58125;57844;406;2017;7.5;7.2;HC Østerby;HC Østerby;0;S;S;0;0
Lemvig Kommune;20291;65897;239;2017;7.1;7.1;Erik Flyvholm;Erik Flyvholm;0;V;V;0;0
Struer Kommune;21347;66453;312;2017;7.1;7.2;Mads Jakobsen;Niels Lynghøj;1;V;S;1;1
Syddjurs Kommune;42021;67402;383;2017;7.1;7;Claus Wistoft ;Ole Bollesen;1;V;S;1;1
Norddjurs Kommune;38099;74564;267;2017;6.6;6.4;Jan Petersen;Jan Petersen;0;S;S;0;0
Favrskov Kommune;47915;56972;476;2017;7.5;7.2;Niels Borring;Niels Borring;0;S;S;0;0
Odder Kommune;22331;59158;292;2017;7.2;7.3;Uffe Jensen;Uffe Jensen;0;V;V;0;0
Randers Kommune;98118;63530;449;2017;6.6;6.6;Claus Jensen;Torben Hansen;1;V;S;1;1
Silkeborg Kommune;91237;58003;379;2017;7.4;7.2;Steen Vindum;Steen Vindum;0;V;V;0;0
Samsø Kommune;3724;82388;194;2017;6.8;6.8;Marcel Meijer;Marcel Meijer;0;S;S;0;0
Skanderborg Kommune;60401;62136;436;2017;7.5;7.4;Jørgen Gaarde;Jørgen Gaarde;0;S;S;0;0
Aarhus Kommune;335684;63473;582;2017;7.4;7.3;Jacob Bundsgaard;Jacob Bundsgaard;0;S;S;0;0
Ikast-Brande Kommune;40981;66564;368;2017;6.7;6.6;Carsten kissmeyer;Ib Lauritzen;1;V;V;0;0
Ringkøbing-Skjern Kommune;57022;61195;243;2017;6.9;6.9;Iver Enevoldsen;Hans Østergaard;1;V;V;0;0
Hedensted Kommune;46524;63679;263;2017;7.2;6.9;Kirsten Terkilsen;Kasper Glyngø;1;V;S;1;1
Skive Kommune;46540;64472;264;2017;7.2;7;Peder Kirkegaard;Peder Kirkegaard;0;V;V;0;0
Viborg Kommune;96477;59457;393;2017;7.3;7;Torsten Nielsen;Ulrik Wilbek;1;K;V;1;0
Morsø Kommune;20665;68910;419;2017;6.3;6.3;Hans Bertelsen;Hans Bertelsen;0;V;V;0;0
Thisted Kommune;43826;64303;281;2017;6.8;6.9;Lene Jensen;Ulla Vestergaard;1;C;S;1;1
Brønderslev Kommune;36128;60571;1042;2017;6.9;6.8;Mikael Klitgaard;Mikael Klitgaard;0;V;V;0;0
Frederikshavn Kommune;60356;66731;1235;2017;6.8;6.7;Birgit Hansen;Birgit Hansen;0;S;S;0;0
Vesthimmerlands Kommune;37285;65464;248;2017;6.8;6.7;Knud Kristensen ;Per Laursen;1;K;V;1;0
Læsø Kommune;1793;89715;157;2017;5.5;5.7;Torben Johansen;Karsten Nielsen;1;V;O;1;0
Rebild Kommune;29391;60332;396;2017;7.5;7.4;Leon Sebbelin;Leon Sebbelin;0;B;B;0;0
Mariagerfjord Kommune;42066;66689;423;2017;7.1;6.8;Mogens Jespersen;Mogens Jespersen;0;V;V;0;0
Jammerbugt Kommune;38581;61849;355;2017;6.7;6.7;Mogens Gade;Mogens Gade;0;V;V;0;0
Aalborg Kommune;211937;66722;375;2017;7.2;7.1;Thomas Larsen;Thomas Larsen;0;S;S;0;0
Hjørring Kommune;65307;62214;850;2017;6.9;6.7;Arne Boelt;Arne Boelt;0;S;S;0;0
Københavns Kommune;613288;69256;647;2018;6.9;7;Frank Jensen;Frank Jensen;0;S;S;0;0
Frederiksberg Kommune;104410;67244;707;2018;7.6;7.7;Jørgen Glenthøj;Jørgen Glenthøj;0;C;C;0;0
Ballerup Kommune;48295;79247;995;2018;7.3;7.2;Jesper Würtzen;Jesper Würtzen;0;S;S;0;0
Brøndby Kommune;35538;79678;793;2018;6.7;6.4;Kent Max Magelund;Kent Max Magelund;0;S;S;0;0
Dragør Kommune;14272;66548;770;2018;7.9;7.6;Eik Dahl Bidstrup;Eik Dahl Bidstrup;0;V;V;0;0
Gentofte Kommune;75803;58893;631;2018;8.3;8.1;Hans Toft;Hans Toft;0;C;C;0;0
Gladsaxe Kommune;69484;69693;605;2018;7.1;7.3;Trine Græse;Trine Græse;0;S;S;0;0
Glostrup Kommune;22663;75819;2056;2018;6.3;6.8;John Engelhardt;John Engelhardt;0;V;V;0;0
Herlev Kommune;28572;70328;674;2018;6.7;6.8;Thomas Gyldal Petersen;Thomas Gyldal Petersen;0;S;S;0;0
Albertslund Kommune;27743;83716;603;2018;6.1;6.4;Steen Christiansen;Steen Christiansen;0;S;S;0;0
Hvidovre Kommune;53282;73965;627;2018;6.8;6.8;Helle Adelborg;Helle Adelborg;0;S;S;0;0
Høje-Taastrup Kommune;50596;74946;456;2018;6.2;6.4;Michael Ziegler;Michael Ziegler;0;C;C;0;0
Lyngby-Taarbæk Kommune;55472;63929;677;2018;8.4;8.1;Sofia Osmani;Sofia Osmani;0;C;C;0;0
Rødovre Kommune;39343;80540;511;2018;6.8;6.9;Erik Nielsen;Erik Nielsen;0;S;S;0;0
Ishøj Kommune;22988;83861;407;2018;5.9;6.1;Ole Bjørstorp;Ole Bjørstorp;0;S;S;0;0
Tårnby Kommune;43063;70472;574;2018;6.6;6.7;Henrik Zimino;Allan Andersen;1;S;S;0;0
Vallensbæk Kommune;16280;68975;691;2018;7;7.1;Henrik Rasmussen;Henrik Rasmussen;0;C;C;0;0
Furesø Kommune;40911;70150;607;2018;7.7;7.7;Ole Christensen;Ole Christensen;0;S;S;0;0
Allerød Kommune;25235;66901;783;2018;8.2;8;Jørgen Johansen;Karsten Längerich;1;C;V;1;0
Fredensborg Kommune;40779;66682;630;2018;7.7;7.6;Thomas Pedersen;Thomas Pedersen;0;S;S;0;0
Helsingør Kommune;62686;71328;866;2018;7;7.2;Benedikte Kiær;Benedikte Kiær;0;C;C;0;0
Hillerød Kommune;50650;68225;641;2018;7.6;7.6;Dorte Meldgaard;Kirsten Jensen;1;C;S;1;1
Hørsholm Kommune;25028;65424;626;2018;8.2;8.2;Morten Slotved;Morten Slotved;0;C;C;0;0
Rudersdal Kommune;55989;64203;542;2018;8.2;8.1;Jens Ive;Jens Ive;0;V;V;0;0
Egedal Kommune;43000;67713;1230;2018;7.1;7.3;Karsten Søndergaard;Karsten Søndergaard;0;V;V;0;0
Frederikssund Kommune;45189;67857;683;2018;7.1;7.2;John Andersen;John Andersen ;0;V;V;0;0
Halsnæs Kommune;31168;73002;557;2018;6.5;6.7;Steen Hasselriis;Steffen Jensen;1;V;S;1;1
Gribskov Kommune;41217;68338;449;2018;6.8;7;Kim Valentin ;Anders Frost;1;V;Lokal;1;1
Bornholms Kommune;39632;66890;359;2018;6.7;6.7;Winni Grosbøll;Winni Grosbøll;0;S;S;0;0
Greve Kommune;49974;67577;585;2018;6.7;6.9;Pernille Beckmann;Pernille Beckmann;0;V;V;0;0
Køge Kommune;60356;66811;452;2018;7;7.1;Flemming Christensen;Maria Stærke;1;C;S;1;1
Roskilde Kommune;87382;73989;487;2018;7.6;7.6;Joy Mogensen;Joy Mogensen;0;S;S;0;0
Solrød Kommune;22518;64473;686;2018;7.7;7.3;Niels Hørup;Niels Hørup;0;V;V;0;0
Odsherred Kommune;33083;79033;760;2018;6.3;6.5;Thomas Adelskov;Thomas Adelskov;0;S;S;0;0
Holbæk Kommune;70983;58667;1181;2018;6.6;6.8;Søren Kjærsgaard;Christina Hansen;1;V;S;1;1
Faxe Kommune;36139;63934;845;2018;6.5;6.6;Erik Buhl;Erik Buhl;0;V;V;0;0
Kalundborg Kommune;48982;69771;253;2018;6;6.5;Martin Damm;Martin Damm;0;V;V;0;0
Ringsted Kommune;34473;67553;369;2018;6.9;7;Henrik Hvidesten;Henrik Hvidesten;0;V;V;0;0
Slagelse Kommune;78968;69384;346;2018;6.8;6.6;Sten Knuth;John Dyrby;1;V;S;1;1
Stevns Kommune;22727;57470;569;2018;6.4;6.7;Mogens Nielsen;Annette Mortensen;1;Lokal;V;1;1
Sorø Kommune;29669;62816;470;2018;6.7;6.9;Gert Jørgensen;Gert Jørgensen;0;C;C;0;0
Lejre Kommune;27544;66229;410;2018;7.3;7.3;Carsten Rasmussen;Carsten Rasmussen;0;S;S;0;0
Lolland Kommune;41982;71434;1312;2018;5.7;6;Holger Rasmussen;Holger Rasmussen;0;S;S;0;0
Næstved Kommune;82938;66375;1265;2018;6.8;6.8;Carsten Rasmussen;Carsten Rasmussen;0;S;S;0;0
Guldborgsund Kommune;61219;65721;366;2018;6.5;6.6;John Brædder;John Brædder;0;Lokal;Lokal;0;0
Vordingborg Kommune;46087;63811;614;2018;6.4;6.7;Michael Larsen;Mikael Smed;1;V;S;1;1
Middelfart Kommune;38210;62856;302;2018;7.2;7.2;Johannes Jensen;Johannes Jensen;0;S;S;0;0
Assens Kommune;41328;64838;336;2018;7;6.7;Søren Andersen;Søren Andersen;0;V;V;0;0
Faaborg-Midtfyn Kommune;51536;65149;399;2018;7.1;6.9;Christian Thygesen;Hans Stavnsager;1;V;S;1;1
Kerteminde Kommune;23756;68491;340;2018;7.2;7;Hans Luunbjerg;Kasper Olesen;1;V;S;1;1
Nyborg Kommune;32032;59216;574;2018;7;6.7;Kenneth Muhs;Kenneth Muhs;0;V;V;0;0
Odense Kommune;202348;62856;472;2018;7.1;6.9;Peter Juel;Peter Juel;0;S;S;0;0
Svendborg Kommune;58698;71508;456;2018;6.9;7.1;Lars Hornemann;Bo Hansen;1;V;S;1;1
Nordfyns Kommune;29516;67645;516;2018;7;6.8;Jan Petersen;Jan Petersen;0;S;S;0;0
Langeland Kommune;12641;96887;300;2018;5.9;6.3;Bjarne Nielsen;Tonni Hansen;1;V;F;1;1
Ærø Kommune;6178;63500;440;2018;7.1;7;Jørgen Jørgensen;Ole Petersen;1;S;S;0;0
Haderslev Kommune;55963;64031;386;2018;6.9;6.9;Hans Geil;Hans Geil;0;V;V;0;0
Billund Kommune;26482;69247;383;2018;7.1;6.7;Ib Kristensen;Ib Kristensen;0;V;V;0;0
Sønderborg Kommune;74650;68067;358;2018;6.8;6.8;Erik Lauritzen;Erik Lauritzen;0;S;S;0;0
Tønder Kommune;37777;65573;266;2018;6.3;6.4;Henrik Frandsen;Henrik Frandsen;0;V;V;0;0
Esbjerg Kommune;116032;64247;1230;2018;7;6.9;Johnny Søtrup;Jesper Frost;1;V;V;0;0
Fanø Kommune;3401;69491;380;2018;6.3;6.7;Erik Nørreby;Sofie Valbjørn;1;V;Å;1;1
Varde Kommune;50301;68585;260;2018;6.7;6.7;Erik Buhl;Erik Buhl;0;V;V;0;0
Vejen Kommune;42844;63511;315;2018;6.8;6.7;Egon Fræhr;Egon Fræhr;0;V;V;0;0
Aabenraa Kommune;59089;65813;288;2018;6.8;6.6;Thomas Andresen;Thomas Andresen;0;V;V;0;0
Fredericia Kommune;51326;64293;999;2018;6.5;6.5;Jacob Bjerregaard ;Jacob Bjerregaard;0;S;S;0;0
Kolding Kommune;92515;59452;427;2018;7.5;7.1;Jørn Pedersen;Jørn Pedersen;0;V;V;0;0
Vejle Kommune;114140;63222;415;2018;7.1;7;Jens Christensen;Jens Christensen;0;V;V;0;0
Horsens Kommune;89598;61606;581;2018;7;6.8;Peter Sørensen;Peter Sørensen;0;S;S;0;0
Herning Kommune;88733;61048;331;2018;7.3;7;Lars Krarup;Lars Krarup;0;V;V;0;0
Holstebro Kommune;58418;58656;371;2018;7.1;7;HC Østerby;HC Østerby;0;S;S;0;0
Lemvig Kommune;20133;72629;238;2018;7.1;7;Erik Flyvholm;Erik Flyvholm;0;V;V;0;0
Struer Kommune;21270;68639;296;2018;7.2;7;Mads Jakobsen;Niels Lynghøj;1;V;S;1;1
Syddjurs Kommune;42468;68819;366;2018;6.9;6.9;Claus Wistoft ;Ole Bollesen;1;V;S;1;1
Norddjurs Kommune;38197;74363;262;2018;6.3;6.3;Jan Petersen;Jan Petersen;0;S;S;0;0
Favrskov Kommune;48271;60181;474;2018;7.3;7.1;Niels Borring;Niels Borring;0;S;S;0;0
Odder Kommune;22626;63149;290;2018;7.4;7.2;Uffe Jensen;Uffe Jensen;0;V;V;0;0
Randers Kommune;98265;62758;443;2018;6.7;6.6;Claus Jensen;Torben Hansen;1;V;S;1;1
Silkeborg Kommune;92024;59463;397;2018;7.2;7.2;Steen Vindum;Steen Vindum;0;V;V;0;0
Samsø Kommune;3720;83258;198;2018;6.4;6.3;Marcel Meijer;Marcel Meijer;0;S;S;0;0
Skanderborg Kommune;61158;64734;435;2018;7.7;7.4;Jørgen Gaarde;Jørgen Gaarde;0;S;S;0;0
Aarhus Kommune;340421;64747;589;2018;7.2;7.3;Jacob Bundsgaard;Jacob Bundsgaard;0;S;S;0;0
Ikast-Brande Kommune;41191;66020;378;2018;6.8;6.6;Carsten kissmeyer;Ib Lauritzen;1;V;V;0;0
Ringkøbing-Skjern Kommune;57005;62699;235;2018;6.7;6.6;Iver Enevoldsen;Hans Østergaard;1;V;V;0;0
Hedensted Kommune;46616;65203;257;2018;7;6.9;Kirsten Terkilsen;Kasper Glyngø;1;V;S;1;1
Skive Kommune;46599;66148;283;2018;7.3;6.9;Peder Kirkegaard;Peder Kirkegaard;0;V;V;0;0
Viborg Kommune;96883;60820;383;2018;7.1;7;Torsten Nielsen;Ulrik Wilbek;1;K;V;1;0
Morsø Kommune;20514;68923;408;2018;6.1;6.6;Hans Bertelsen;Hans Bertelsen;0;V;V;0;0
Thisted Kommune;43716;66638;277;2018;6.5;6.7;Lene Jensen;Ulla Vestergaard;1;C;S;1;1
Brønderslev Kommune;36289;60811;1011;2018;7.5;7.1;Mikael Klitgaard;Mikael Klitgaard;0;V;V;0;0
Frederikshavn Kommune;60140;66149;1063;2018;6.7;6.6;Birgit Hansen;Birgit Hansen;0;S;S;0;0
Vesthimmerlands Kommune;37277;64917;256;2018;6.6;6.6;Knud Kristensen ;Per Laursen;1;K;V;1;0
Læsø Kommune;1807;92435;150;2018;6;6.1;Torben Johansen;Karsten Nielsen;1;V;O;1;0
Rebild Kommune;29827;62887;394;2018;7.5;7.3;Leon Sebbelin;Leon Sebbelin;0;B;B;0;0
Mariagerfjord Kommune;42125;68524;452;2018;7.2;7;Mogens Jespersen;Mogens Jespersen;0;V;V;0;0
Jammerbugt Kommune;38638;63260;347;2018;6.7;6.7;Mogens Gade;Mogens Gade;0;V;V;0;0
Aalborg Kommune;213558;68294;382;2018;7.3;7.2;Thomas Larsen;Thomas Larsen;0;S;S;0;0
Hjørring Kommune;65257;63961;820;2018;6.7;6.6;Arne Boelt;Arne Boelt;0;S;S;0;0
Københavns Kommune;623404;66679;649;2019;6.9;7.1;Frank Jensen;Frank Jensen;0;S;S;0;0
Frederiksberg Kommune;103960;64146;716;2019;7.5;7.5;Jørgen Glenthøj;Jørgen Glenthøj;0;C;C;0;0
Ballerup Kommune;48458;81103;990;2019;7;7;Jesper Würtzen;Jesper Würtzen;0;S;S;0;0
Brøndby Kommune;35397;82036;791;2019;5.8;6.1;Kent Max Magelund;Kent Max Magelund;0;S;S;0;0
Dragør Kommune;14270;60141;645;2019;7.8;7.8;Eik Dahl Bidstrup;Eik Dahl Bidstrup;0;V;V;0;0
Gentofte Kommune;75176;58904;629;2019;8.2;8.1;Hans Toft;Hans Toft;0;C;C;0;0
Gladsaxe Kommune;69681;71758;610;2019;7.5;7.4;Trine Græse;Trine Græse;0;S;S;0;0
Glostrup Kommune;22615;72725;2043;2019;6.5;6.6;John Engelhardt;John Engelhardt;0;V;V;0;0
Herlev Kommune;28786;74488;687;2019;6.7;6.7;Thomas Gyldal Petersen;Thomas Gyldal Petersen;0;S;S;0;0
Albertslund Kommune;27877;87933;598;2019;6.4;6.5;Steen Christiansen;Steen Christiansen;0;S;S;0;0
Hvidovre Kommune;53416;76004;629;2019;6.7;6.8;Helle Adelborg;Helle Adelborg;0;S;S;0;0
Høje-Taastrup Kommune;50686;77114;454;2019;6.5;6.5;Michael Ziegler;Michael Ziegler;0;C;C;0;0
Lyngby-Taarbæk Kommune;55790;64546;675;2019;8.1;8;Sofia Osmani;Sofia Osmani;0;C;C;0;0
Rødovre Kommune;40052;78759;558;2019;6.8;6.9;Erik Nielsen;Erik Nielsen;0;S;S;0;0
Ishøj Kommune;22946;85951;416;2019;5.7;5.9;Ole Bjørstorp;Ole Bjørstorp;0;S;S;0;0
Tårnby Kommune;42984;68575;603;2019;6.6;6.8;Henrik Zimino;Allan Andersen;1;S;S;0;0
Vallensbæk Kommune;16654;68371;700;2019;7.2;6.8;Henrik Rasmussen;Henrik Rasmussen;0;C;C;0;0
Furesø Kommune;41069;70613;613;2019;7.8;7.8;Ole Christensen;Ole Christensen;0;S;S;0;0
Allerød Kommune;25646;70915;771;2019;8.1;8;Jørgen Johansen;Karsten Längerich;1;C;V;1;0
Fredensborg Kommune;40819;70766;619;2019;7.5;7.4;Thomas Pedersen;Thomas Pedersen;0;S;S;0;0
Helsingør Kommune;62567;74926;836;2019;7;7.3;Benedikte Kiær;Benedikte Kiær;0;C;C;0;0
Hillerød Kommune;50998;74812;632;2019;7.3;7.5;Dorte Meldgaard;Kirsten Jensen;1;C;S;1;1
Hørsholm Kommune;25007;61708;620;2019;7.9;7.9;Morten Slotved;Morten Slotved;0;C;C;0;0
Rudersdal Kommune;56509;61088;538;2019;8.1;8.1;Jens Ive;Jens Ive;0;V;V;0;0
Egedal Kommune;43335;68453;1082;2019;7.3;7.3;Karsten Søndergaard;Karsten Søndergaard;0;V;V;0;0
Frederikssund Kommune;45332;69504;667;2019;6.8;7;John Andersen;John Andersen ;0;V;V;0;0
Halsnæs Kommune;31271;85919;450;2019;6.3;6.6;Steen Hasselriis;Steffen Jensen;1;V;S;1;1
Gribskov Kommune;41195;69263;435;2019;6.8;6.8;Kim Valentin ;Anders Frost;1;V;Lokal;1;1
Bornholms Kommune;39572;66327;349;2019;6.4;6.4;Winni Grosbøll;Winni Grosbøll;0;S;S;0;0
Greve Kommune;50267;66126;580;2019;6.9;7.2;Pernille Beckmann;Pernille Beckmann;0;V;V;0;0
Køge Kommune;60675;72296;442;2019;7.1;7;Flemming Christensen;Maria Stærke;1;C;S;1;1
Roskilde Kommune;87577;73651;482;2019;7.5;7.5;Joy Mogensen;Joy Mogensen;0;S;S;0;0
Solrød Kommune;23065;62455;686;2019;7.6;7.5;Niels Hørup;Niels Hørup;0;V;V;0;0
Odsherred Kommune;33122;78705;544;2019;6.2;6.3;Thomas Adelskov;Thomas Adelskov;0;S;S;0;0
Holbæk Kommune;71297;59793;1147;2019;6.4;6.6;Søren Kjærsgaard;Christina Hansen;1;V;S;1;1
Faxe Kommune;36513;63146;834;2019;6.4;6.7;Erik Buhl;Erik Buhl;0;V;V;0;0
Kalundborg Kommune;48681;73322;267;2019;6;6.3;Martin Damm;Martin Damm;0;V;V;0;0
Ringsted Kommune;34725;65449;335;2019;6.5;6.6;Henrik Hvidesten;Henrik Hvidesten;0;V;V;0;0
Slagelse Kommune;79073;69590;343;2019;6.6;6.5;Sten Knuth;John Dyrby;1;V;S;1;1
Stevns Kommune;22782;57326;551;2019;6.8;6.9;Mogens Nielsen;Annette Mortensen;1;Lokal;V;1;1
Sorø Kommune;29834;66476;464;2019;6.8;6.8;Gert Jørgensen;Gert Jørgensen;0;C;C;0;0
Lejre Kommune;27775;66926;407;2019;7.3;7.4;Carsten Rasmussen;Carsten Rasmussen;0;S;S;0;0
Lolland Kommune;41615;75285;1260;2019;5.9;5.9;Holger Rasmussen;Holger Rasmussen;0;S;S;0;0
Næstved Kommune;82991;63503;1277;2019;6.7;6.8;Carsten Rasmussen;Carsten Rasmussen;0;S;S;0;0
Guldborgsund Kommune;60930;67266;357;2019;6.3;6.4;John Brædder;John Brædder;0;Lokal;Lokal;0;0
Vordingborg Kommune;45816;67347;590;2019;5.9;6.4;Michael Larsen;Mikael Smed;1;V;S;1;1
Middelfart Kommune;38553;64849;299;2019;6.9;7;Johannes Jensen;Johannes Jensen;0;S;S;0;0
Assens Kommune;41212;65062;328;2019;6.8;6.7;Søren Andersen;Søren Andersen;0;V;V;0;0
Faaborg-Midtfyn Kommune;51809;65106;402;2019;6.6;6.4;Christian Thygesen;Hans Stavnsager;1;V;S;1;1
Kerteminde Kommune;23773;69186;334;2019;7.2;6.9;Hans Luunbjerg;Kasper Olesen;1;V;S;1;1
Nyborg Kommune;32042;61396;572;2019;6.3;6.5;Kenneth Muhs;Kenneth Muhs;0;V;V;0;0
Odense Kommune;204182;63308;466;2019;6.9;6.9;Peter Juel;Peter Juel;0;S;S;0;0
Svendborg Kommune;58599;67780;454;2019;7.1;7;Lars Hornemann;Bo Hansen;1;V;S;1;1
Nordfyns Kommune;29693;68640;502;2019;6.7;6.7;Jan Petersen;Jan Petersen;0;S;S;0;0
Langeland Kommune;12560;92389;285;2019;6;6.1;Bjarne Nielsen;Tonni Hansen;1;V;F;1;1
Ærø Kommune;6058;63595;436;2019;7.5;7.1;Jørgen Jørgensen;Ole Petersen;1;S;S;0;0
Haderslev Kommune;55857;64027;379;2019;6.6;6.7;Hans Geil;Hans Geil;0;V;V;0;0
Billund Kommune;26629;67751;380;2019;7;6.8;Ib Kristensen;Ib Kristensen;0;V;V;0;0
Sønderborg Kommune;74561;64524;342;2019;7;6.8;Erik Lauritzen;Erik Lauritzen;0;S;S;0;0
Tønder Kommune;37587;63930;253;2019;6.4;6.4;Henrik Frandsen;Henrik Frandsen;0;V;V;0;0
Esbjerg Kommune;115652;66416;1218;2019;7.1;7;Johnny Søtrup;Jesper Frost;1;V;V;0;0
Fanø Kommune;3404;68991;368;2019;8.3;7.5;Erik Nørreby;Sofie Valbjørn;1;V;Å;1;1
Varde Kommune;50129;66978;254;2019;7.1;6.8;Erik Buhl;Erik Buhl;0;V;V;0;0
Vejen Kommune;42863;62294;309;2019;7;6.7;Egon Fræhr;Egon Fræhr;0;V;V;0;0
Aabenraa Kommune;59035;64825;283;2019;6.7;6.5;Thomas Andresen;Thomas Andresen;0;V;V;0;0
Fredericia Kommune;51427;67463;987;2019;6.7;6.8;Jacob Bjerregaard ;Jacob Bjerregaard;0;S;S;0;0
Kolding Kommune;92893;61621;423;2019;7.4;7.1;Jørn Pedersen;Jørn Pedersen;0;V;V;0;0
Vejle Kommune;114830;64442;415;2019;7.2;7.1;Jens Christensen;Jens Christensen;0;V;V;0;0
Horsens Kommune;90370;61871;607;2019;7;6.8;Peter Sørensen;Peter Sørensen;0;S;S;0;0
Herning Kommune;88917;62527;328;2019;7.2;6.9;Lars Krarup;Lars Krarup;0;V;V;0;0
Holstebro Kommune;58504;59828;346;2019;7.4;7.2;HC Østerby;HC Østerby;0;S;S;0;0
Lemvig Kommune;19998;72285;234;2019;7;6.9;Erik Flyvholm;Erik Flyvholm;0;V;V;0;0
Struer Kommune;21143;75956;290;2019;7.1;6.9;Mads Jakobsen;Niels Lynghøj;1;V;S;1;1
Syddjurs Kommune;42768;68149;361;2019;6.9;6.8;Claus Wistoft ;Ole Bollesen;1;V;S;1;1
Norddjurs Kommune;37680;73182;259;2019;6.3;6.2;Jan Petersen;Jan Petersen;0;S;S;0;0
Favrskov Kommune;48374;61567;473;2019;7.2;7.2;Niels Borring;Niels Borring;0;S;S;0;0
Odder Kommune;22675;59924;289;2019;6.9;7;Uffe Jensen;Uffe Jensen;0;V;V;0;0
Randers Kommune;97909;63027;438;2019;6.7;6.5;Claus Jensen;Torben Hansen;1;V;S;1;1
Silkeborg Kommune;93054;61247;387;2019;7.3;7.2;Steen Vindum;Steen Vindum;0;V;V;0;0
Samsø Kommune;3684;81126;200;2019;5.8;6;Marcel Meijer;Marcel Meijer;0;S;S;0;0
Skanderborg Kommune;61974;63629;434;2019;7.2;7.3;Jørgen Gaarde;Jørgen Gaarde;0;S;S;0;0
Aarhus Kommune;345332;64408;592;2019;7.3;7.2;Jacob Bundsgaard;Jacob Bundsgaard;0;S;S;0;0
Ikast-Brande Kommune;41282;62285;373;2019;6.4;6.4;Carsten kissmeyer;Ib Lauritzen;1;V;V;0;0
Ringkøbing-Skjern Kommune;56930;63412;227;2019;6.5;6.5;Iver Enevoldsen;Hans Østergaard;1;V;V;0;0
Hedensted Kommune;46747;64335;251;2019;7;6.9;Kirsten Terkilsen;Kasper Glyngø;1;V;S;1;1
Skive Kommune;46224;68461;296;2019;6.7;6.7;Peder Kirkegaard;Peder Kirkegaard;0;V;V;0;0
Viborg Kommune;97113;61562;373;2019;7.1;7.1;Torsten Nielsen;Ulrik Wilbek;1;K;V;1;0
Morsø Kommune;20403;69409;394;2019;7.1;6.6;Hans Bertelsen;Hans Bertelsen;0;V;V;0;0
Thisted Kommune;43660;65831;270;2019;6.9;6.7;Lene Jensen;Ulla Vestergaard;1;C;S;1;1
Brønderslev Kommune;36370;61218;998;2019;7;7;Mikael Klitgaard;Mikael Klitgaard;0;V;V;0;0
Frederikshavn Kommune;59987;66598;1034;2019;6.7;6.6;Birgit Hansen;Birgit Hansen;0;S;S;0;0
Vesthimmerlands Kommune;37121;67926;263;2019;6.5;6.5;Knud Kristensen ;Per Laursen;1;K;V;1;0
Læsø Kommune;1806;100530;141;2019;6.9;6.8;Torben Johansen;Karsten Nielsen;1;V;O;1;0
Rebild Kommune;29916;62699;394;2019;7.3;7.2;Leon Sebbelin;Leon Sebbelin;0;B;B;0;0
Mariagerfjord Kommune;42055;67653;440;2019;7;6.8;Mogens Jespersen;Mogens Jespersen;0;V;V;0;0
Jammerbugt Kommune;38460;68966;340;2019;7;6.7;Mogens Gade;Mogens Gade;0;V;V;0;0
Aalborg Kommune;215312;69837;378;2019;7.1;7;Thomas Larsen;Thomas Larsen;0;S;S;0;0
Hjørring Kommune;64665;61960;804;2019;6.7;6.7;Arne Boelt;Arne Boelt;0;S;S;0;0
